ake,"['atl hip hop', 'rap', 'southern hip hop', 'trap']"
Owl City & Carly Rae Jepsen,"['indietronica', 'modern rock', 'pop', 'pop rock']"
Sick Puppies,"['alternative metal', 'christian rock', 'nu metal', 'post-grunge', 'rap rock']"
Calvin Harris Featuring John Newman,"['dance pop', 'edm', 'electro house', 'house', 'pop', 'pop dance', 'pop rap', 'progressive house', 'uk dance']"
K-Drama,"['christian hip hop', 'christian trap', 'gospel rap']"
Late,"['cinematic dubstep', 'future garage', 'substep']"
Ariana Grande,"['dance pop', 'pop']"
Ghost Town DJ's,['atlanta bass']
Kane Brown,"['black americana', 'contemporary country', 'country road']"
Chris Young Featuring Vince Gill,"['contemporary country', 'country', 'country road', 'modern country rock']"
Broken Social Scene,"['alternative dance', 'alternative rock', 'baroque pop', 'canadian indie', 'canadian rock', 'chillwave', 'indie folk', 'indie pop', 'indie rock', 'modern rock', 'stomp and holler']"
Fifth Harmony Featuring Kid Ink,"['dance pop', 'girl group', 'pop', 'post-teen pop', 'talent show']"
Neha Kakkar,"['desi pop', 'filmi', 'modern bollywood']"
Edens Edge,"['contemporary country', 'country dawn', 'country road', 'modern country rock']"
Jay-Z + Swizz Beatz,"['east coast hip hop', 'hip hop', 'rap']"
Phillip Phillips,"['folk-pop', 'modern rock', 'neo mellow', 'pop rock']"
Kris Allen,"['acoustic pop', 'idol', 'indiecoustica', 'neo mellow', 'post-teen pop']"
Snow Patrol Featuring Martha Wainwright,"['irish rock', 'modern rock', 'neo mellow', 'permanent wave', 'pop rock']"
Echosmith,"['dance pop', 'indie poptimism', 'pop rock']"
Cynic,"['death metal', 'djent', 'florida death metal', 'jazz metal', 'miami metal', 'progressive metal', 'technical death metal']"
Nicki Minaj Featuring Beyonce,"['dance pop', 'hip pop', 'pop', 'pop rap', 'queens hip hop']"
Nathan Salsburg,"['american primitive', 'drone folk', 'indie folk', 'kentucky roots', 'pastoral']"
Inigo Montoya,['french indietronica']
Tekno,"['afropop', 'azontobeats', 'nigerian hip hop', 'nigerian pop']"
Idina Menzel,"['hollywood', 'show tunes']"
The New Rob Van Bavel Trio,['dutch jazz']
David Guetta Featuring Jennifer Hudson,"['big room', 'dance pop', 'edm', 'pop', 'pop dance', 'pop rap']"
Fireboy DML,['afro dancehall']
Bhad Bhabie,"['pop', 'pop rap', 'social media pop', 'trap queen', 'viral rap']"
Avril Lavigne,"['canadian pop', 'candy pop', 'dance pop', 'pop', 'post-teen pop']"
Opetaia Foa'i & Lin-Manuel Miranda,[]
Napalm Death,"['alternative metal', 'birmingham metal', 'british death metal', 'british grindcore', 'brutal death metal', 'death metal', 'deathgrind', 'grindcore', 'metal']"
Meek Mill Featuring Fabolous & Anuel AA,"['hip hop', 'philly rap', 'pop rap', 'rap', 'southern hip hop', 'trap']"
Ornette Coleman,"['avant-garde jazz', 'experimental', 'free improvisation', 'free jazz', 'japanese jazz', 'jazz', 'jazz fusion', 'jazz saxophone', 'uk contemporary jazz']"
Pitbull & Ne-Yo,"['dance pop', 'latin', 'miami hip hop', 'pop', 'pop rap']"
Earl Sweatshirt,"['alternative hip hop', 'experimental hip hop', 'hip hop', 'rap', 'underground hip hop']"
TM Juke,"['electronica', 'ninja', 'nu jazz', 'turntablism']"
SEU Worship,"['anthem worship', 'ccm', 'world worship']"
Tyga Featuring Chris Richardson,"['dance pop', 'hip hop', 'pop rap', 'rap', 'southern hip hop', 'trap']"
Mary Lou Lord,"['alternative pop', 'boston rock', 'lilith']"
DJ T.,"['deep disco house', 'frankfurt electronic']"
Endtime Odyssey,['belgian metal']
The FiNATTiCZ,[]
Jason Mraz,"['acoustic pop', 'neo mellow', 'pop', 'pop rock']"
Eazy-E,"['g funk', 'gangster rap', 'hardcore hip hop', 'hip hop', 'rap', 'west coast rap']"
Randy Houser,"['contemporary country', 'country', 'country road', 'modern country rock', 'redneck']"
The 1975,"['modern alternative rock', 'modern rock', 'pop', 'rock']"
Lloyd Featuring Andre 3000 & Lil Wayne,"['dance pop', 'hip pop', 'pop', 'pop rap', 'r&b', 'southern hip hop', 'urban contemporary']"
Rend Collective,"['anthem worship', 'ccm', 'christian alternative rock', 'christian music', 'world worship', 'worship']"
Saib,"['chillhop', 'japanese chillhop', 'lo-fi beats']"
RaeLynn,"['contemporary country', 'country', 'country pop', 'deep talent show']"
Greensky Bluegrass,"['banjo', 'bluegrass', 'jam band', 'jamgrass', 'midwest americana', 'new americana', 'progressive bluegrass', 'roots rock']"
Jessie J Featuring 2 Chainz,"['dance pop', 'pop', 'pop rap', 'post-teen pop']"
CAPYAC,"['austindie', 'indie soul', 'new french touch', 'nu disco']"
Street Dogs,"['boston punk', 'oi', 'punk', ""punk 'n' roll"", 'ska punk', 'skate punk']"
Eli Keszler,"['art pop', 'deconstructed club', 'fourth world', 'free improvisation', 'mandible', 'microhouse', 'outsider house', 'sound art']"
E.C. Illa,['chicago rap']
Calypso Rose,"['calypso', 'trinidadian reggae']"
Michael Vincent Waller,"['minimalism', 'post-minimalism']"
The Raveonettes,"['danish alternative rock', 'danish rock', 'dream pop', 'indie rock', 'modern dream pop']"
5 Seconds Of Summer,"['boy band', 'dance pop', 'pop', 'post-teen pop']"
Heavee,['footwork']
Andy Williams,"['adult standards', 'brill building pop', 'easy listening', 'lounge']"
Crimson Dawn,"['epic doom', 'italian doom metal']"
Tiesto & Dzeko Featuring Preme & Post Malone,"['big room', 'brostep', 'dance pop', 'dutch edm', 'edm', 'house', 'pop', 'pop dance', 'slap house', 'trance', 'tropical house']"
Somewhere Off Jazz Street,['dark jazz']
Marc Kiss,['german dance']
Trace Adkins,"['contemporary country', 'country', 'country road', 'country rock', 'modern country rock', 'redneck']"
Montgomery Gentry,"['contemporary country', 'country', 'country road', 'modern country rock', 'redneck']"
Rico Love,['pop r&b']
Jubin Nautiyal,"['desi pop', 'filmi', 'hare krishna', 'modern bollywood']"
Arijit Singh,"['desi pop', 'filmi', 'modern bollywood']"
Lil' Duval Featuring Snoop Dogg & Ball Greezy,"['florida rap', 'hip hop']"
Foster The People,"['indietronica', 'modern alternative rock', 'modern rock', 'pop rock', 'rock']"
Sparkly Night,['future funk']
Demi Lovato,"['dance pop', 'pop', 'post-teen pop']"
Dave Matthews Band,"['jam band', 'neo mellow', 'pop rock']"
Fifth Harmony Featuring Fetty Wap,"['dance pop', 'girl group', 'pop', 'post-teen pop', 'talent show']"
Offset Featuring Cardi B,"['atl hip hop', 'hip hop', 'pop rap', 'rap', 'southern hip hop', 'trap']"
T.I.,"['atl hip hop', 'dance pop', 'dirty south rap', 'gangster rap', 'hip hop', 'pop rap', 'rap', 'southern hip hop', 'trap']"
Glee Cast Featuring Olivia Newton-John,"['adult standards', 'australian dance', 'bubblegum pop', 'disco', 'europop', 'mellow gold', 'new wave pop', 'soft rock']"
György Ligeti,"['avant-garde', 'classical', 'compositional ambient', 'contemporary classical', 'hungarian contemporary classical', 'laboratorio']"
Quartz,['vintage french electronic']
Snoop Dogg Featuring The-Dream,"['g funk', 'gangster rap', 'hip hop', 'pop rap', 'rap', 'west coast rap']"
Britney Spears & Iggy Azalea,"['dance pop', 'pop', 'post-teen pop']"
ill.gates,['glitch hop']
Rhiannon Bannenberg,['focus']
"Nicki Minaj Featuring Drake, Lil Wayne & Chris Brown","['dance pop', 'hip pop', 'pop', 'pop rap', 'queens hip hop']"
The Living End,"['australian alternative rock', 'australian rock', 'australian ska', 'punk', 'skate punk']"
Skales,"['afro dancehall', 'afropop', 'azontobeats', 'nigerian pop']"
Swutscher,"['german indie', 'german indie rock', 'hamburg indie']"
Duke Dumont,"['destroy techno', 'edm', 'electro house', 'house', 'pop dance', 'progressive house', 'tropical house']"
Psyanide,['greek metal']
OneRepublic,"['dance pop', 'piano rock', 'pop', 'pop rock']"
Ski Mask The Slump God,"['miami hip hop', 'rap']"
Philip Glass,"['american contemporary classical', 'classical', 'compositional ambient', 'contemporary classical', 'minimalism']"
David Arnold,"['british soundtrack', 'scorecore', 'soundtrack']"
2 Chainz & Wiz Khalifa,"['atl hip hop', 'gangster rap', 'hip hop', 'pop rap', 'rap', 'southern hip hop', 'trap']"
Crossface,['boston hardcore']
Brad Paisley,"['contemporary country', 'country', 'country road']"
Bryce Vine,"['pop', 'pop rap']"
Mew,"['danish alternative rock', 'danish rock', 'dream pop', 'melancholia']"
Giya Kancheli,"['avant-garde', 'caucasian classical', 'compositional ambient', 'contemporary classical', 'minimalism']"
Danielle Bradbery,"['contemporary country', 'country', 'country pop']"
Ramon Ayala Y Sus Bravos Del Norte,"['musica mexicana', 'norteno']"
Kenneth G,['dutch house']
Android Apartment,['future funk']
Future Breeze,"['acid trance', 'bubble trance', 'dream trance', 'german techno', 'german trance']"
Vicci Martinez,['deep talent show']
Flo Rida Featuring Sia,"['dance pop', 'miami hip hop', 'pop', 'pop rap']"
Víkingur Ólafsson,"['classical piano', 'nordic classical piano']"
Hord,['cyber metal']
Becky G,"['dance pop', 'latin', 'latin viral pop', 'pop', 'rap latina', 'reggaeton']"
one sonic society,"['anthem worship', 'ccm', 'christian alternative rock', 'christian music', 'christian pop', 'world worship', 'worship']"
John Tavener,['classical countertenor']
Whitney Houston,"['dance pop', 'pop', 'urban contemporary']"
Waka Flocka Flame Featuring Drake,"['atl hip hop', 'dirty south rap', 'gangster rap', 'hip hop', 'pop rap', 'rap', 'southern hip hop', 'trap']"
Empire Of The Sun,"['alternative dance', 'australian dance', 'australian electropop', 'dance rock', 'electropop', 'indietronica', 'neo-synthpop', 'new rave']"
Miranda Cosgrove,"['pop', 'post-teen pop']"
Tall Black Guy,"['alternative r&b', 'bass trip', 'indie jazz', 'indie r&b', 'indie soul', 'neo r&b']"
Edo. G,"['alternative hip hop', 'boom bap', 'boston hip hop', 'hardcore hip hop', 'turntablism', 'underground rap']"
Waldeck,"['downtempo', 'electro jazz', 'electro swing', 'electronica', 'nu jazz', 'trip hop']"
Hot Hot Heat,"['alternative dance', 'alternative rock', 'canadian rock', 'dance-punk', 'indie rock', 'modern rock', 'new rave', 'victoria bc indie']"
Brutality,['florida death metal']
"Kevin Rudolf Featuring Birdman, Jay Sean, & Lil Wayne","['dance pop', 'pop rap']"
Ramallah,"['boston hardcore', 'hardcore']"
Tipling Rock,['boston indie']
Chris Brown Featuring Usher & Rick Ross,"['dance pop', 'pop', 'pop rap', 'r&b', 'rap']"
Emperor,"['black metal', 'metal', 'norwegian black metal', 'norwegian metal', 'symphonic black metal', 'symphonic metal', 'technical black metal', 'viking metal']"
Teni,"['afropop', 'azontobeats', 'nigerian pop']"
Willie Thrasher,['canadian indigenous']
Ciara Featuring Ludacris,"['dance pop', 'hip pop', 'pop', 'post-teen pop', 'r&b', 'urban contemporary']"
Russell Dickerson,"['contemporary country', 'country', 'country road', 'modern country rock']"
Patti Smith,"['art punk', 'art rock', 'folk rock', 'permanent wave', 'protopunk', 'rock']"
Bazzi,"['dance pop', 'electropop', 'pop']"
Zedd & Alessia Cara,"['complextro', 'dance pop', 'edm', 'electro house', 'electropop', 'german techno', 'pop', 'pop dance', 'pop rap', 'tropical house']"
Kelsea Ballerini,"['contemporary country', 'country', 'pop']"
Splatinum,['glitch hop']
Tunes of Negation,['uk experimental electronic']
The Rival Mob,"['boston hardcore', 'boston punk', 'hardcore', 'metallic hardcore', 'straight edge']"
Steve Jablonsky,"['epicore', 'scorecore', 'soundtrack', 'video game music']"
Kim English,"['classic house', 'deep house', 'disco house', 'diva house', 'garage house', 'soulful house', 'tribal house', 'vocal house']"
Rövballebandet,['danspunk']
Ant Saunders,"['chill r&b', 'pop']"
K. Michelle,"['dance pop', 'hip pop', 'neo soul', 'pop r&b', 'r&b', 'urban contemporary']"
Idealism,"['chillhop', 'lo-fi beats']"
Heavy Metal Perse,"['finnish heavy metal', 'finnish metal', 'finnish power metal']"
Blindside,"['christian alternative rock', 'christian hardcore', 'christian metal', 'christian punk', 'christian rock', 'swedish alternative rock']"
Piero Piccioni,"['classic soundtrack', 'vintage italian soundtrack']"
Kenny Chesney,"['contemporary country', 'country', 'country road']"
Meek Mill Featuring Drake,"['hip hop', 'philly rap', 'pop rap', 'rap', 'southern hip hop', 'trap']"
Lance Allen,"['chill guitar', 'classify', 'fingerstyle']"
Hypocrisy,"['black metal', 'death metal', 'finnish metal', 'melodic death metal', 'metal', 'swedish death metal', 'swedish melodeath', 'swedish metal']"
Born Of Osiris,"['deathcore', 'djent', 'melodic deathcore', 'melodic metalcore', 'metalcore', 'progressive metalcore', 'symphonic deathcore']"
Dr Zeus,"['bhangra', 'desi hip hop', 'desi pop', 'punjabi hip hop', 'punjabi pop']"
The Palace Guards,['deep classic garage rock']
ALEX,"['cyberpunk', 'dark clubbing', 'darksynth', 'synthwave']"
Martin Dupont,"['gothic post-punk', 'grave wave', 'minimal wave', 'vintage french electronic']"
G-Eazy Featuring Yo Gotti & YBN Nahmir,"['indie pop rap', 'oakland hip hop', 'pop', 'pop rap', 'rap']"
Dawin,['nyc pop']
Garden of Grief,"['ambient black metal', 'austrian black metal']"
French Montana Featuring The Weeknd & Max B,"['gangster rap', 'hip hop', 'pop rap', 'rap', 'southern hip hop', 'trap']"
Ray J Featuring Bobby Brackins,"['pop rap', 'r&b', 'urban contemporary']"
Rannar Sillard,['background music']
Pusha T Featuring Kanye West,"['hip hop', 'rap', 'southern hip hop', 'trap', 'underground hip hop', 'virginia hip hop']"
tuXedoo,['austrian metal']
Joji,"['alternative r&b', 'viral pop']"
Street to the Ocean,['austrian metal']
"Lunay, Daddy Yankee & Bad Bunny","['latin', 'latin hip hop', 'latin pop', 'reggaeton', 'reggaeton flow', 'trap latino']"
DJ Pippi,[]
LCD Soundsystem,"['alternative dance', 'alternative rock', 'art pop', 'dance rock', 'dance-punk', 'electronic rock', 'electronica', 'indie rock', 'indietronica', 'modern rock', 'new rave', 'rock']"
This Way To The Egress,"['dark cabaret', 'gypsy punk', 'steampunk']"
Marshmello & Bastille,"['brostep', 'dance pop', 'edm', 'pop', 'pop dance', 'progressive electro house']"
Noel Gallagher's High Flying Birds,"['britpop', 'modern rock', 'rock']"
Juicy J,"['crunk', 'dirty south rap', 'gangster rap', 'hip hop', 'memphis hip hop', 'pop rap', 'rap', 'southern hip hop', 'trap']"
Jason Derulo Featuring Snoop Dogg,"['dance pop', 'pop', 'pop rap', 'post-teen pop']"
B.o.B Featuring Bruno Mars,"['atl hip hop', 'dance pop', 'hip hop', 'pop', 'pop rap', 'pop rock', 'rap', 'southern hip hop']"
The Chainsmokers & Bebe Rexha,"['dance pop', 'edm', 'electropop', 'pop', 'pop dance', 'tropical house']"
Rich Homie Quan Featuring Problem,"['atl hip hop', 'pop rap', 'rap', 'southern hip hop', 'trap']"
Clay Walker,"['contemporary country', 'country', 'country road', 'country rock', 'modern country rock']"
Clean Bandit Featuring Julia Michaels,"['dance pop', 'edm', 'pop', 'pop dance', 'tropical house', 'uk dance', 'uk funky']"
Rick Ross Featuring Jay-Z,"['dirty south rap', 'gangster rap', 'hip hop', 'pop rap', 'rap', 'southern hip hop', 'trap']"
Rihanna Featuring Calvin Harris,"['barbadian pop', 'dance pop', 'pop', 'pop rap', 'urban contemporary']"
Missing Andy,['essex indie']
Murs,"['abstract hip hop', 'alternative hip hop', 'hip hop', 'underground rap']"
Kygo x Selena Gomez,"['edm', 'pop', 'pop dance', 'tropical house']"
Uncle Tupelo,"['alternative country', 'alternative rock', 'country rock', 'folk', 'heartland rock', 'indie folk', 'new americana', 'roots rock', 'stomp and holler']"
Rae Sremmurd Featuring Nicki Minaj & Young Thug,"['hip hop', 'melodic rap', 'mississippi hip hop', 'pop', 'pop rap', 'rap', 'southern hip hop', 'trap']"
Weyes Blood,"['art pop', 'experimental folk', 'indie pop']"
Frank Ocean,"['alternative r&b', 'hip hop', 'lgbtq+ hip hop', 'neo soul', 'pop']"
Parov Stelar,"['balkan beats', 'downtempo', 'electro swing', 'nu jazz']"
Millind Gaba,"['desi pop', 'modern bollywood', 'punjabi pop']"
Britney Spears Featuring G-Eazy,"['dance pop', 'pop', 'post-teen pop']"
Andrew McMahon In The Wilderness,"['hopebeat', 'indie poptimism', 'modern alternative rock', 'modern rock', 'neo mellow', 'piano rock', 'pop rock', 'stomp and holler']"
The Band Perry,"['contemporary country', 'country', 'country dawn', 'country road', 'modern country rock']"
Meghan Trainor Featuring John Legend,"['dance pop', 'hip pop', 'pop', 'post-teen pop']"
The Electric Swing Circus,"['electro swing', 'nu jazz']"
French Montana Featuring Nicki Minaj,"['gangster rap', 'hip hop', 'pop rap', 'rap', 'southern hip hop', 'trap']"
Empire Cast Featuring Estelle & Jussie Smollett,"['dance pop', 'r&b', 'urban contemporary']"
Metro Boomin Featuring Gunna,"['hip hop', 'rap', 'southern hip hop', 'trap']"
D.R.A.M. Featuring Lil Yachty,"['alternative r&b', 'virginia hip hop']"
Chon,"['djent', 'instrumental math rock', 'instrumental rock', 'progressive jazz fusion', 'progressive post-hardcore', 'san diego indie']"
Kindbergs,['dansband']
T.I. Featuring Keri Hilson,"['dance pop', 'hip pop', 'pop', 'post-teen pop', 'r&b', 'urban contemporary']"
Deorro,"['dance pop', 'edm', 'electro house', 'melbourne bounce', 'melbourne bounce international', 'pop dance', 'progressive electro house']"
Tristan Eckerson,['neo-classical']
Marcella and The Forget Me Nots,['dark cabaret']
Arbor Lights,"['british post-rock', 'instrumental post-rock']"
The Unicorns,"['alternative rock', 'anti-folk', 'canadian indie', 'indie rock', 'lo-fi']"
Ariana Grande & The Weeknd,"['dance pop', 'pop']"
PSYQUI,['kawaii edm']
Dead Prez,"['alternative hip hop', 'conscious hip hop', 'east coast hip hop', 'hardcore hip hop', 'hip hop', 'political hip hop']"
Tonight Alive,"['candy pop', 'neon pop punk', 'pixie', 'pop emo', 'pop punk']"
David Guetta Featuring Justin Bieber,"['big room', 'dance pop', 'edm', 'pop', 'pop dance', 'pop rap']"
Flo Rida Featuring Jason Derulo,"['dance pop', 'miami hip hop', 'pop', 'pop rap']"
Maroon 5 Featuring Cardi B,"['pop', 'pop rock']"
Kaleo,"['icelandic indie', 'icelandic rock', 'modern alternative rock', 'modern rock']"
Exposé,"['freestyle', 'new wave pop']"
Easton Corbin,"['contemporary country', 'country', 'country road', 'modern country rock']"
Chris Brown Featuring Ludacris,"['dance pop', 'pop', 'pop rap', 'r&b', 'rap']"
Waka Flocka Flame Featuring Kebo Gotti,"['atl hip hop', 'dirty south rap', 'gangster rap', 'hip hop', 'pop rap', 'rap', 'southern hip hop', 'trap']"
Red Rocks Worship,"['anthem worship', 'ccm', 'world worship']"
Meek Mill Featuring Kirko Bangz,"['hip hop', 'philly rap', 'pop rap', 'rap', 'southern hip hop', 'trap']"
Kid Ink Featuring Fetty Wap,"['dance pop', 'hip hop', 'pop rap', 'rap', 'southern hip hop', 'trap']"
Big Sean,"['detroit hip hop', 'hip hop', 'pop', 'pop rap', 'rap', 'southern hip hop', 'trap']"
Jonas Blue Featuring Dakota,"['dance pop', 'edm', 'pop', 'pop dance', 'tropical house', 'uk dance']"
Caroline Polachek,"['art pop', 'dance pop', 'electropop', 'escape room', 'indie pop', 'indietronica', 'pop']"
Orden Ogan,"['folk metal', 'german metal', 'german power metal', 'melodic metal', 'neo classical metal', 'power metal']"
Keith Jarrett,"['contemporary jazz', 'ecm-style jazz', 'jazz', 'jazz fusion', 'jazz piano']"
Scibex,"['avant-garde black metal', 'metal mineiro']"
Wale Featuring Jeremih,"['gangster rap', 'hip hop', 'pop', 'pop rap', 'r&b', 'rap', 'southern hip hop', 'trap', 'urban contemporary']"
Thirty Seconds To Mars,"['modern rock', 'post-grunge', 'rock']"
Jacquees,"['atl hip hop', 'pop', 'pop r&b', 'pop rap', 'r&b', 'rap', 'urban contemporary']"
Arctic Monkeys,"['garage rock', 'permanent wave', 'rock', 'sheffield indie']"
Machine Gun Kelly x Camila Cabello,['ohio hip hop']
Midnight,"[""black 'n' roll"", 'black speed metal', 'metal', 'new wave of speed metal', 'nwothm']"
Kellie Pickler,"['contemporary country', 'country', 'country dawn', 'country road']"
Zedd Featuring Selena Gomez,"['complextro', 'dance pop', 'edm', 'electro house', 'electropop', 'german techno', 'pop', 'pop dance', 'pop rap', 'tropical house']"
Ludacris Featuring Miguel,"['atl hip hop', 'dance pop', 'dirty south rap', 'hip hop', 'old school atlanta hip hop', 'pop rap', 'rap', 'southern hip hop', 'trap']"
Iggy Azalea Featuring Rita Ora,"['australian hip hop', 'dance pop', 'hip pop', 'pop', 'pop rap', 'post-teen pop']"
Three Days Grace,"['alternative metal', 'canadian metal', 'canadian rock', 'nu metal', 'post-grunge']"
Ski Mask The Slump God Featuring Juice WRLD,"['miami hip hop', 'rap']"
Tory Lanez & Rich The Kid,"['canadian hip hop', 'canadian trap', 'melodic rap', 'pop rap', 'r&b', 'rap', 'toronto rap', 'trap']"
Autopsy,"['brutal death metal', 'death metal', 'doom metal', 'grindcore', 'metal']"
The Who,"['album rock', 'art rock', 'blues rock', 'british invasion', 'classic rock', 'folk rock', 'hard rock', 'mellow gold', 'psychedelic rock', 'rock']"
Roddy Ricch & Gunna,"['melodic rap', 'rap', 'trap']"
Donatachi,"['australian electropop', 'escape room', 'hyperpop', 'pink noise', 'proto-hyperpop']"
Iyaz Featuring Travie McCoy,"['dance pop', 'pop rap']"
Andrew Hill,"['avant-garde jazz', 'bebop', 'contemporary post-bop', 'free improvisation', 'free jazz', 'jazz', 'jazz funk', 'jazz piano']"
Papik,['italian lounge']
Lloyd,"['dance pop', 'hip pop', 'pop', 'pop rap', 'r&b', 'southern hip hop', 'urban contemporary']"
My Dying Bride,"['doom metal', 'gothic metal', 'metal', 'uk doom metal']"
B.o.B Featuring Trey Songz,"['atl hip hop', 'dance pop', 'hip hop', 'pop', 'pop rap', 'pop rock', 'rap', 'southern hip hop']"
Devin Dawson,"['contemporary country', 'country pop', 'modern country rock']"
Yuval Ron,['arab folk']
Plain White T's,"['neo mellow', 'pop punk', 'pop rock']"
Pitbull Featuring John Ryan,"['dance pop', 'latin', 'miami hip hop', 'pop', 'pop rap']"
Chris Janson,"['contemporary country', 'country', 'country road', 'modern country rock']"
Levellers,"['brighton indie', 'celtic rock', 'grebo']"
Scandroid,"['cyberpunk', 'darksynth', 'synthwave']"
"DJ Khaled Featuring JAY Z, Future & B","['dance pop', 'dirty south rap', 'hip hop', 'miami hip hop', 'pop', 'pop rap', 'rap', 'southern hip hop', 'trap']"
Maluma,"['latin', 'reggaeton', 'reggaeton colombiano', 'trap latino']"
Rae Sremmurd Featuring Gucci Mane,"['hip hop', 'melodic rap', 'mississippi hip hop', 'pop', 'pop rap', 'rap', 'southern hip hop', 'trap']"
Big Time Rush,"['boy band', 'dance pop', 'pop', 'post-teen pop']"
Xiaoyong Chen,['chinese classical']
2 Chainz Featuring Kendrick Lamar,"['atl hip hop', 'gangster rap', 'hip hop', 'pop rap', 'rap', 'southern hip hop', 'trap']"
Walker Hayes,"['contemporary country', 'country', 'country road', 'modern country rock']"
XXXTENTACION,"['emo rap', 'miami hip hop']"
Epicycle,['chicago punk']
Józef Gatysik,['focus']
"Labrinth, Sia & Diplo Present... LSD","['australian dance', 'australian pop', 'pop']"
TK Kravitz Featuring Jacqueez,['pop r&b']
Tyga,"['dance pop', 'hip hop', 'pop rap', 'rap', 'southern hip hop', 'trap']"
Alicia Keys Featuring Nicki Minaj,"['hip pop', 'neo soul', 'pop', 'r&b', 'urban contemporary']"
Project 86,"['christian alternative rock', 'christian hard rock', 'christian hardcore', 'christian metal', 'christian punk', 'christian rock']"
88 Fingers Louie,"['chicago hardcore', 'chicago punk', 'melodic hardcore', 'punk', 'skate punk']"
Rae Sremmurd & Juicy J,"['hip hop', 'melodic rap', 'mississippi hip hop', 'pop', 'pop rap', 'rap', 'southern hip hop', 'trap']"
Justin Moore,"['arkansas country', 'contemporary country', 'country', 'country road', 'modern country rock', 'redneck']"
Eluvium,"['ambient', 'art pop', 'compositional ambient', 'drone', 'neo-classical', 'post-rock']"
Rick Ross Featuring Chris Brown,"['dance pop', 'pop', 'pop rap', 'r&b', 'rap']"
Miguel Featuring Travis Scott,"['dance pop', 'pop', 'r&b', 'urban contemporary']"
Freddy Todd,['glitch hop']
Ben Rector,"['acoustic pop', 'indiecoustica', 'lds youth', 'neo mellow', 'piano rock', 'pop rock']"
Josh Thompson,"['contemporary country', 'country', 'country road', 'modern country rock', 'redneck']"
Phil Woods,"['bebop', 'big band', 'contemporary post-bop', 'hard bop', 'jazz', 'jazz saxophone']"
Milky Chance,['german pop']
gnash Featuring Olivia O'Brien,"['electropop', 'pop', 'pop rap']"
Bryson Tiller,"['kentucky hip hop', 'pop', 'pop rap', 'r&b', 'rap', 'trap']"
General Larry Platt,[]
Trevor Jackson,['uk experimental electronic']
Ariana Grande & Nathan Sykes,"['dance pop', 'pop']"
DJ Khaled Featuring SZA,"['dance pop', 'dirty south rap', 'hip hop', 'miami hip hop', 'pop', 'pop rap', 'rap', 'southern hip hop', 'trap']"
Kacey Musgraves,"['contemporary country', 'country dawn', 'pop', 'texas country']"
Kent Jones,"['miami hip hop', 'viral trap']"
Lord Of Bass,['greek house']
Ansome,"['minimal dub', 'modular techno']"
Yo Gotti Featuring E-40,"['dirty south rap', 'gangster rap', 'hip hop', 'memphis hip hop', 'pop rap', 'rap', 'southern hip hop', 'tennessee hip hop', 'trap']"
eli filosov [ p h i l o ],['lo-fi beats']
Powerwolf,"['german metal', 'german power metal', 'melodic metal', 'metal', 'power metal']"
The Monotone Droner,['asmr']
Chase Bryant,"['contemporary country', 'country pop', 'country road', 'modern country rock']"
Leon Vynehall,"['ambient house', 'deep house', 'electronica', 'float house', 'future garage', 'microhouse', 'uk bass', 'uk house']"
Wun Two,"['chillhop', 'lo-fi beats']"
Akon,['dance pop']
リアムMAZE1981,[]
Drake Featuring 2 Chainz & Big Sean,"['canadian hip hop', 'canadian pop', 'hip hop', 'rap', 'toronto rap']"
Joyner Lucas,"['boston hip hop', 'hip hop', 'pop rap', 'rap']"
Pitbull Featuring Chris Brown,"['dance pop', 'latin', 'miami hip hop', 'pop', 'pop rap']"
Drake Featuring 2 Chainz & Young Thug,"['canadian hip hop', 'canadian pop', 'hip hop', 'rap', 'toronto rap']"
Blac Youngsta,"['memphis hip hop', 'pop rap', 'rap', 'southern hip hop', 'trap']"
Katy Perry Featuring Juicy J,"['dance pop', 'pop', 'post-teen pop']"
Capstan,"['alternative emo', 'anthem emo', 'easycore', 'pop punk']"
T-Pain Featuring Wiz Khalifa & Lily Allen,"['dance pop', 'hip hop', 'pop', 'pop rap', 'r&b', 'rap', 'southern hip hop', 'urban contemporary']"
Daft Punk Featuring Pharrell Williams,"['electro', 'filter house']"
Iggy Azalea,"['australian hip hop', 'dance pop', 'hip pop', 'pop', 'pop rap', 'post-teen pop']"
Arvo Pärt,"['baltic classical', 'classical', 'contemporary classical', 'minimalism']"
Eïs,"['blackgaze', 'german black metal']"
Love & Light,['glitch hop']
Disturbed,"['alternative metal', 'nu metal', 'rap metal']"
Wiz Khalifa Featuring The Weeknd,"['dance pop', 'hip hop', 'pittsburgh rap', 'pop rap', 'rap', 'southern hip hop', 'trap']"
The Avalanches,"['alternative dance', 'australian alternative rock', 'australian dance', 'collage pop', 'electronica', 'indie rock', 'indietronica', 'new rave', 'psychedelic hip hop']"
Sophia Grace,['social media pop']
Selena Gomez X Marshmello,"['dance pop', 'pop', 'post-teen pop']"
Lee Morgan,"['bebop', 'big band', 'free jazz', 'hard bop', 'jazz', 'jazz trumpet', 'soul jazz']"
BTS,"['k-pop', 'k-pop boy group']"
TeeFLii Featuring 2 Chainz,"['pop r&b', 'west coast trap']"
Eurielle,[]
Pandrezz,"['chillhop', 'lo-fi beats']"
T-Pain Featuring Chris Brown,"['dance pop', 'hip hop', 'pop', 'pop rap', 'r&b', 'rap', 'southern hip hop', 'urban contemporary']"
Lil Mosey,"['melodic rap', 'rap', 'rap conscient', 'trap', 'vapor trap']"
Tim O'Neill,[]
Kendrick Lamar & SZA,"['conscious hip hop', 'hip hop', 'rap', 'west coast rap']"
Darrell Mansfield,"['christian metal', 'deep christian rock']"
Felix Da Housecat,"['acid house', 'alternative dance', 'chicago house', 'electroclash', 'electronica', 'new rave']"
David Guetta Featuring Kid Cudi,"['big room', 'dance pop', 'edm', 'pop', 'pop dance', 'pop rap']"
Kevin Gates Featuring August Alsina,"['baton rouge rap', 'pop rap', 'rap', 'southern hip hop', 'trap']"
Gippy Grewal,"['bhangra', 'desi pop', 'punjabi pop']"
J Balvin & Bad Bunny,"['latin', 'reggaeton', 'reggaeton colombiano', 'trap latino']"
New Boyz Featuring Ray J,"['dance pop', 'pop rap', 'southern hip hop']"
Future,"['atl hip hop', 'rap', 'southern hip hop', 'trap']"
Makoto,"['drum and bass', 'drumfunk', 'liquid funk']"
Black Asteroid,['dark techno']
Jennifer Lopez Featuring Iggy Azalea Or Pitbull,"['dance pop', 'pop', 'pop rap', 'urban contemporary']"
Ariana Grande Featuring Zedd,"['dance pop', 'pop']"
Birdman Featuring Lil Wayne,"['dirty south rap', 'gangster rap', 'hip hop', 'pop rap', 'rap', 'southern hip hop']"
Rowland S. Howard,"['experimental', 'experimental rock', 'post-punk', 'punk blues']"
Atif Aslam,"['desi pop', 'filmi', 'modern bollywood']"
Lord Of The Lost,"['dark rock', 'gothic metal', 'industrial metal', 'neue deutsche harte']"
Oliver Heldens,"['dance pop', 'edm', 'electro house', 'future house', 'house', 'pop dance', 'progressive electro house', 'progressive house', 'tropical house']"
Mosh36,"['deep german hip hop', 'german hip hop']"
Mann,[]
LZ7,"['christian dance', 'christian pop']"
Playboi Carti,"['atl hip hop', 'plugg', 'pluggnb', 'rap', 'trap']"
Insanity Alert,"['austrian metal', 'crossover thrash', 'new wave of thrash metal']"
Nicki Minaj Featuring Drake & Lil Wayne,"['dance pop', 'hip pop', 'pop', 'pop rap', 'queens hip hop']"
Maxwell,"['contemporary r&b', 'funk', 'hip pop', 'neo soul', 'quiet storm', 'r&b', 'soul', 'urban contemporary']"
Dusk,['funeral doom']
Meek Mill Featuring Rick Ross & JAY-Z,"['hip hop', 'philly rap', 'pop rap', 'rap', 'southern hip hop', 'trap']"
DJ Khaled Featuring Nipsey Hussle & John Legend,"['dance pop', 'dirty south rap', 'hip hop', 'miami hip hop', 'pop', 'pop rap', 'rap', 'southern hip hop', 'trap']"
Trippie Redd Featuring Juice WRLD & YNW Melly,"['melodic rap', 'rap', 'trap']"
Future Featuring Rihanna,"['atl hip hop', 'rap', 'southern hip hop', 'trap']"
Mark Farner,['deep christian rock']
Uncle Kracker,"['country', 'country road', 'pop rock']"
Dayglow,"['austindie', 'indie pop', 'modern rock']"
Big Sean Featuring Chris Brown,"['detroit hip hop', 'hip hop', 'pop', 'pop rap', 'rap', 'southern hip hop', 'trap']"
Chase & Status,"['dancefloor dnb', 'drum and bass']"
Carrie Underwood,"['contemporary country', 'country', 'country dawn', 'oklahoma country', 'post-teen pop']"
Taio Cruz Featuring Ludacris,"['dance pop', 'pop', 'pop rap']"
Ludacris Featuring Nicki Minaj,"['atl hip hop', 'dance pop', 'dirty south rap', 'hip hop', 'old school atlanta hip hop', 'pop rap', 'rap', 'southern hip hop', 'trap']"
Nico & Vinz,['pop rap']
Carpathian Forest,"['black metal', 'dark black metal', 'metal', 'norwegian black metal', 'norwegian metal', 'pagan black metal', 'symphonic black metal']"
Behexen,"['atmospheric black metal', 'autonomous black metal', 'black death', 'black metal', 'dark black metal', 'finnish black metal', 'pagan black metal', 'voidgaze']"
Frank White,['german alternative rap']
Brian Tyler,"['orchestral soundtrack', 'scorecore', 'soundtrack', 'video game music']"
Pinkfong,"['cartoon', ""children's music"", 'dong-yo']"
24kGoldn,"['cali rap', 'pop rap']"
6ix9ine Featuring Lil Baby,"['emo rap', 'rap']"
Helene Fischer,"['classic schlager', 'schlager']"
Glitchy & Scratchy,"['glitch', 'glitch hop']"
Rick Ross Featuring Nicki Minaj,"['dirty south rap', 'gangster rap', 'hip hop', 'pop rap', 'rap', 'southern hip hop', 'trap']"
Leon Bridges,['modern blues']
DJ Sanj,"['bhangra', 'desi hip hop', 'desi pop', 'punjabi pop']"
Lil Wayne,"['hip hop', 'new orleans rap', 'pop rap', 'rap', 'trap']"
Jay Z Featuring Justin Timberlake,"['east coast hip hop', 'hip hop', 'rap']"
The Hold Steady,"['alternative country', 'alternative rock', 'heartland rock', 'indie rock', 'roots rock']"
Gehennah,['black thrash']
Khiza,"['bhangra', 'desi hip hop', 'desi pop']"
Rage,"['german metal', 'german power metal', 'melodic metal', 'metal', 'neo classical metal', 'neo-trad metal', 'old school thrash', 'power metal', 'progressive metal', 'speed metal']"
Chief Keef,"['chicago bop', 'chicago drill', 'chicago rap', 'drill', 'hip hop', 'rap', 'southern hip hop', 'trap', 'underground hip hop']"
The House That Gloria Vanderbilt,['chicago punk']
Mark Farina,"['chicago house', 'deep house', 'electro jazz']"
Meniscus,"['australian post-rock', 'instrumental post-rock', 'post-rock']"
Austin Mahone,"['dance pop', 'pop', 'post-teen pop', 'viral pop']"
Arkham Witch,"['lovecraftian metal', 'neo-trad doom metal', 'uk doom metal']"
Post Malone Featuring Young Thug,"['dfw rap', 'melodic rap', 'rap']"
Fifth Harmony,"['dance pop', 'girl group', 'pop', 'post-teen pop', 'talent show']"
Cobra Starship,"['dance pop', 'electropop', 'neon pop punk', 'pop punk', 'post-teen pop']"
Yusuf / Cat Stevens,"['british folk', 'classic rock', 'folk', 'folk rock', 'mellow gold', 'rock', 'singer-songwriter', 'soft rock']"
Rivstart,['danspunk']
Alex Clare,['modern alternative rock']
A$AP Rocky Featuring Skepta,"['east coast hip hop', 'hip hop', 'rap', 'trap']"
Yolta,['background music']
B.o.B,"['atl hip hop', 'dance pop', 'hip hop', 'pop', 'pop rap', 'pop rock', 'rap', 'southern hip hop']"
Desiigner,"['pop rap', 'rap', 'trap', 'viral trap']"
Big Sean & Metro Boomin Featuring 21 Savage,"['detroit hip hop', 'hip hop', 'pop', 'pop rap', 'rap', 'southern hip hop', 'trap']"
"DJ Khaled Featuring T-Pain, Ludacris, Snoop Dogg & Rick Ross","['dance pop', 'dirty south rap', 'hip hop', 'miami hip hop', 'pop', 'pop rap', 'rap', 'southern hip hop', 'trap']"
Khalid & Normani,"['pop', 'pop r&b']"
Power From Hell,"['black speed metal', 'black thrash', 'brazilian black metal']"
Guy Clark,"['alternative country', 'country rock', 'folk', 'folk rock', 'indie folk', 'new americana', 'outlaw country', 'roots rock', 'singer-songwriter', 'texas country']"
WILLOW,"['afrofuturism', 'dance pop', 'electropop', 'pop', 'post-teen pop']"
Blake Shelton,"['contemporary country', 'country', 'country road', 'oklahoma country']"
Goat the Head,"['grisly death metal', 'norwegian death metal']"
The PropheC,"['desi hip hop', 'desi pop', 'punjabi pop']"
Young Thug Featuring Gunna & Lil Baby,"['atl hip hop', 'atl trap', 'gangster rap', 'hip hop', 'melodic rap', 'pop rap', 'rap', 'southern hip hop', 'trap']"
Gucci Mane,"['atl hip hop', 'dirty south rap', 'gangster rap', 'hip hop', 'pop rap', 'rap', 'southern hip hop', 'trap']"
Ellie Goulding,"['dance pop', 'edm', 'electropop', 'indietronica', 'metropopolis', 'pop', 'uk pop']"
Toxik,"['metal', 'old school thrash', 'speed metal', 'technical thrash', 'thrash metal']"
The Profane,[]
Mass Hysteria,"['french metal', 'french punk', 'french rock', 'neo metal']"
Ana Olgica,"['background music', 'focus']"
Cerebral Fix,"['birmingham metal', 'old school thrash']"
Devourment,"['brutal death metal', 'death metal', 'grindcore', 'slam death metal', 'technical death metal', 'texas metal']"
Big Sean Featuring Lil Wayne & Jhene Aiko,"['detroit hip hop', 'hip hop', 'pop', 'pop rap', 'rap', 'southern hip hop', 'trap']"
C-Murder,"['crunk', 'deep southern trap', 'dirty south rap', 'gangster rap', 'houston rap', 'new orleans rap', 'southern hip hop']"
Mělník Philharmonic Orchestra,['calming instrumental']
Prince Royce Featuring Snoop Dogg,"['bachata', 'latin', 'latin hip hop']"
Murcof,"['ambient', 'compositional ambient', 'dark jazz', 'drone', 'glitch', 'intelligent dance music', 'mexican experimental', 'microhouse', 'neo-classical', 'tijuana electronic']"
Kirlian Camera,"['dark wave', 'ebm', 'futurepop', 'grave wave', 'italian gothic', 'italian new wave', 'italian post punk', 'neoclassical darkwave']"
Edguy,"['german metal', 'german power metal', 'melodic metal', 'metal', 'neo classical metal', 'power metal', 'progressive metal', 'symphonic metal']"
Bobby Konders,"['acid house', 'hip house']"
Sia,"['australian dance', 'australian pop', 'pop']"
Eminem Featuring Ed Sheeran,"['detroit hip hop', 'hip hop', 'rap']"
Nicky Jam x J Balvin,"['latin', 'latin hip hop', 'reggaeton', 'trap latino']"
Mauro Picotto,"['bubble trance', 'eurodance', 'hard house', 'italian trance', 'trance']"
Rick Ross Featuring Drake & Chrisette Michele,"['dirty south rap', 'gangster rap', 'hip hop', 'pop rap', 'rap', 'southern hip hop', 'trap']"
DJ ESCO Featuring Future & Lil Uzi Vert,"['atl hip hop', 'rap', 'trap', 'vapor trap']"
Bazzi Featuring Camila Cabello,"['dance pop', 'electropop', 'pop']"
The Chainsmokers Featuring Kelsea Ballerini,"['dance pop', 'edm', 'electropop', 'pop', 'pop dance', 'tropical house']"
"French Montana Featuring Post Malone, Cardi B & Rvssian","['gangster rap', 'hip hop', 'pop rap', 'rap', 'southern hip hop', 'trap']"
Daniel Caesar Featuring Kali Uchis,"['canadian contemporary r&b', 'pop', 'r&b']"
Weather Factory,"['asmr', 'water']"
Kanye West Featuring Pusha T,"['chicago rap', 'rap']"
Dj Mad Dog,"['gabba', 'happy hardcore', 'hardcore techno', 'uptempo hardcore']"
Kygo X Whitney Houston,"['edm', 'pop', 'pop dance', 'tropical house']"
Flo Rida Featuring Akon,"['dance pop', 'miami hip hop', 'pop', 'pop rap']"
John Rutter,"['anglican liturgy', 'british contemporary classical', 'choral']"
Rod Wave & Kevin Gates,['florida rap']
Major Lazer Featuring PARTYNEXTDOOR & Nicki Minaj,"['dance pop', 'edm', 'electro house', 'moombahton', 'pop', 'pop dance', 'pop rap', 'tropical house']"
Bryce Vine Featuring YG,"['pop', 'pop rap']"
Gary Clark Jr.,"['blues rock', 'electric blues', 'modern blues', 'modern blues rock', 'rock', 'soul blues', 'texas blues']"
Wisin Featuring Jennifer Lopez & Ricky Martin,"['latin', 'latin hip hop', 'reggaeton', 'trap latino']"
Fergie,"['dance pop', 'pop', 'post-teen pop', 'urban contemporary']"
Camellia,"['denpa-kei', 'rhythm game']"
Sahlene Williams,['atmosphere']
DaBaby,"['north carolina hip hop', 'rap', 'trap']"
Banda Sinaloense MS de Sergio Lizárraga,"['banda', 'musica mexicana', 'norteno']"
New Life Worship,"['anthem worship', 'ccm', 'christian music', 'deep ccm', 'instrumental worship', 'world worship', 'worship']"
Thomas Schumacher,"['german techno', 'minimal techno', 'raw techno', 'tech house', 'techno']"
Logic & Marshmello,"['conscious hip hop', 'dmv rap', 'hip hop', 'pop rap', 'rap']"
Mon Cote Punk,"['french folk pop', 'french reggae', 'french rock']"
Jeremy Warmsley,['british singer-songwriter']
SwuM,"['chillhop', 'lo-fi beats', 'phonk']"
Kid Ink Featuring DeJ Loaf,"['dance pop', 'hip hop', 'pop rap', 'rap', 'southern hip hop', 'trap']"
Smaxone,['cyber metal']
Lil Tecca,"['melodic rap', 'pluggnb', 'rap']"
Alessia Cara,
Travis Porter Featuring Tyga,"['atl hip hop', 'dirty south rap', 'futuristic swag', 'pop rap', 'rap', 'southern hip hop', 'trap', 'viral rap']"
Thoushaltnot,"['dark cabaret', 'steampunk']"
Romeo Santos Featuring Nicky Jam & Daddy Yankee,"['bachata', 'latin']"
Disgrace,['grim death metal']
Jake Owen,"['contemporary country', 'country', 'country road', 'modern country rock']"
will.i.am Featuring Mick Jagger & Jennifer Lopez,"['dance pop', 'pop', 'pop rap']"
Rihanna Featuring Jay-Z,"['barbadian pop', 'dance pop', 'pop', 'pop rap', 'urban contemporary']"
Major Lazer Featuring Ellie Goulding & Tarrus Riley,"['dance pop', 'edm', 'electro house', 'moombahton', 'pop', 'pop dance', 'pop rap', 'tropical house']"
Jenni Rivera,"['banda', 'mariachi', 'musica mexicana', 'ranchera']"
DJ Rashad,"['footwork', 'ghettotech', 'uk bass']"
Brian Eno,"['ambient', 'art pop', 'art rock', 'compositional ambient', 'electronica', 'experimental', 'experimental ambient', 'fourth world', 'glam rock', 'minimalism']"
Roscoe Dash Featuring Soulja Boy Tell'em,"['atl hip hop', 'dirty south rap', 'futuristic swag', 'pop rap', 'southern hip hop', 'trap']"
2 Chainz Featuring Pharrell,"['atl hip hop', 'gangster rap', 'hip hop', 'pop rap', 'rap', 'southern hip hop', 'trap']"
Lil Nas X Featuring Billy Ray Cyrus,"['lgbtq+ hip hop', 'pop']"
Lil Baby Featuring Future,"['atl hip hop', 'atl trap', 'rap', 'trap']"
Nicki Minaj Featuring Lil Wayne,"['dance pop', 'hip pop', 'pop', 'pop rap', 'queens hip hop']"
Keri Hilson,"['dance pop', 'hip pop', 'pop', 'post-teen pop', 'r&b', 'urban contemporary']"
Nine Eleven,"['french hardcore', 'neo-crust']"
Post Malone Featuring G-Eazy & YG,"['dfw rap', 'melodic rap', 'rap']"
Ron Sexsmith,"['canadian indie', 'canadian singer-songwriter', 'chamber pop', 'melancholia', 'ontario indie', 'singer-songwriter']"
P!nk Featuring Nate Ruess,"['dance pop', 'pop', 'post-teen pop']"
Samples,['glitch hop']
YG,"['cali rap', 'gangster rap', 'hip hop', 'pop rap', 'rap', 'southern hip hop', 'trap']"
Mystic Prophecy,"['german metal', 'german power metal', 'melodic metal', 'metal', 'neo classical metal', 'neo-trad metal', 'power metal']"
McCafferty,"['alternative emo', 'modern rock']"
Roger Bäck,['danspunk']
Luis Fonsi & Demi Lovato,"['latin', 'latin pop', 'puerto rican pop']"
Stefanie Bennett,"['deep freestyle', 'freestyle']"
Post Malone,"['dfw rap', 'melodic rap', 'rap']"
Doro,"['german heavy metal', 'german metal', 'hard rock', 'metal', 'power metal']"
Tim McGraw Featuring Faith Hill,"['contemporary country', 'country', 'country road']"
AJJ,"['acoustic punk', 'anti-folk', 'folk punk', 'indie pop']"
Stutterfly,"['canadian post-hardcore', 'screamo']"
Riley Pearce,"['australian singer-songwriter', 'indie anthem-folk', 'indie folk']"
Melvin Taylor,"['blues', 'blues rock', 'electric blues', 'modern blues']"
Giacinto Scelsi,"['avant-garde', 'contemporary classical', 'free improvisation', 'italian contemporary classical', 'xenharmonic']"
Damma Beatz,"['chill beats', 'trap beats']"
Major Lazer Featuring Nyla & Fuse ODG,"['dance pop', 'edm', 'electro house', 'moombahton', 'pop', 'pop dance', 'pop rap', 'tropical house']"
Valance Drakes,"['abstract idm', 'bulgarian experimental']"
Calvin Harris & Sam Smith,"['dance pop', 'edm', 'electro house', 'house', 'pop', 'pop dance', 'pop rap', 'progressive house', 'uk dance']"
New Years Day,"['candy pop', 'pixie', 'pop emo', 'slayer']"
Kimaera,"['atmospheric doom', 'funeral doom']"
Lil Skies Featuring Yung Pinch,"['melodic rap', 'rap', 'trap']"
Efence,"['chillsynth', 'cyberpunk']"
Nightstop,"['cyberpunk', 'synthwave']"
"Enrique Iglesias Featuring Descemer Bueno, Zion & Lennox Or Sean Paul","['dance pop', 'latin', 'latin pop', 'mexican pop', 'pop']"
Hollyridge Strings,"['easy listening', 'exotica', 'lounge']"
Jackal,"['bass trap', 'electronic trap', 'vapor twitch']"
"2 Chainz, Drake & Quavo","['atl hip hop', 'gangster rap', 'hip hop', 'pop rap', 'rap', 'southern hip hop', 'trap']"
Inon Zur,"['epicore', 'orchestral soundtrack', 'scorecore', 'soundtrack', 'video game music']"
J. Dash,['pop rap']
Mordkey,['future house']
Jhene Aiko Featuring Swae Lee Or Rae Sremmurd,"['alternative r&b', 'dance pop', 'pop', 'r&b', 'urban contemporary']"
Chris Brown Featuring Nicki Minaj,"['dance pop', 'pop', 'pop rap', 'r&b', 'rap']"
Fabulae Dramatis,['avant-garde metal']
Nolwenn Leroy,"['chanson', 'francoton', 'french pop', 'nouvelle chanson francaise']"
Goatwhore,"['brutal death metal', 'death metal', 'louisiana metal', 'sludge metal']"
Toehider,['australian metal']
Gerardo Ortiz,"['banda', 'corrido', 'musica mexicana', 'norteno', 'nueva musica mexicana', 'sierreno']"
Lingua Nada,"['5th wave emo', 'experimental indie rock', 'german shoegaze', 'leipzig indie']"
Ke$ha Featuring 3OH!3,"['dance pop', 'electropop', 'pop', 'post-teen pop']"
Little Mix,"['dance pop', 'girl group', 'pop', 'post-teen pop', 'talent show', 'uk pop']"
Tyga & Nicki Minaj,"['dance pop', 'hip hop', 'pop rap', 'rap', 'southern hip hop', 'trap']"
Lightning Bolt,"['experimental', 'experimental rock', 'noise rock', 'post-hardcore', 'rhode island indie']"
Alec Benjamin + Alessia Cara,"['alt z', 'dream smp', 'electropop', 'pop']"
A Boogie Wit da Hoodie Featuring 6ix9ine,"['melodic rap', 'rap', 'trap']"
Miguel Featuring J. Cole,"['dance pop', 'pop', 'r&b', 'urban contemporary']"
Afrojack Featuring Eva Simons,"['big room', 'dance pop', 'dutch house', 'edm', 'electro house', 'pop dance', 'pop rap', 'progressive house', 'tropical house']"
Sterling Void,"['chicago house', 'classic house', 'hip house']"
Florence + The Machine,"['baroque pop', 'pop', 'uk alternative pop']"
J. Cole Featuring Miguel,"['conscious hip hop', 'hip hop', 'north carolina hip hop', 'rap']"
Slowpop,[]
John Cage,"['american contemporary classical', 'avant-garde', 'classical', 'contemporary classical', 'experimental']"
Alice Coltrane,"['afrofuturism', 'avant-garde jazz', 'experimental', 'fourth world', 'free jazz', 'jazz', 'jazz harp', 'spiritual jazz', 'world']"
GOBLIN KING,"[""death 'n' roll""]"
Offset & Metro Boomin,"['atl hip hop', 'hip hop', 'pop rap', 'rap', 'southern hip hop', 'trap']"
Nick Jonas,"['dance pop', 'pop', 'post-teen pop']"
Tame Impala,"['australian psych', 'neo-psychedelic']"
The Wanted,"['boy band', 'dance pop', 'pop', 'pop dance', 'pop rock', 'post-teen pop']"
Dan + Shay & Justin Bieber,"['contemporary country', 'country', 'pop']"
Pavvan,['desi pop']
West Norwood Cassette Library,"['float house', 'future garage']"
Trampa,"['deathstep', 'dubstep', 'electro house', 'electronic trap', 'filthstep', 'gaming dubstep']"
Jason Aldean With Luke Bryan & Eric Church,"['contemporary country', 'country', 'country road']"
The Queers,"['boston rock', 'power-pop punk', 'punk', 'ramonescore', 'skate punk']"
Moneybagg Yo X Megan Thee Stallon,"['hip hop', 'memphis hip hop', 'rap', 'southern hip hop', 'tennessee hip hop', 'trap']"
Luke Combs,"['contemporary country', 'country', 'country road']"
Blood Region,['finnish heavy metal']
Graveland,"['black metal', 'dark black metal', 'pagan black metal', 'polish black metal', 'polish folk metal', 'raw black metal', 'slavic metal', 'viking black metal']"
Craig Campbell,"['contemporary country', 'country', 'country pop', 'country road', 'modern country rock', 'redneck']"
Madonna Featuring Nicki Minaj & M.I.A.,"['dance pop', 'pop']"
Dwarves,"['chicago punk', 'hardcore punk', 'power-pop punk', 'punk', ""punk 'n' roll"", 'ska punk', 'skate punk']"
Kygo Featuring Conrad,"['edm', 'pop', 'pop dance', 'tropical house']"
Missy Elliott Featuring Lamb,"['dance pop', 'hip hop', 'hip pop', 'pop', 'pop rap', 'r&b', 'rap', 'urban contemporary', 'virginia hip hop']"
dj funk,"['chicago house', 'ghettotech']"
"DJ Khaled Featuring Drake, Rick Ross & Lil Wayne","['dance pop', 'dirty south rap', 'hip hop', 'miami hip hop', 'pop', 'pop rap', 'rap', 'southern hip hop', 'trap']"
Kungs vs Cookin' On 3 Burners,"['edm', 'pop dance', 'tropical house']"
A Boogie Wit da Hoodie Featuring Kodak Black,"['melodic rap', 'rap', 'trap']"
Enrique Iglesias Featuring Pitbull,"['dance pop', 'latin', 'latin pop', 'mexican pop', 'pop']"
Adam Levine & Javier Colon,['deep talent show']
Bethel Music,"['ambient worship', 'ccm', 'christian music', 'deep ccm', 'world worship', 'worship']"
Swingrowers,"['electro swing', 'nu jazz']"
Stelvio Cipriani,"['classic soundtrack', 'vintage italian soundtrack']"
Liquid Stranger,"['brostep', 'downtempo', 'drill and bass', 'edm', 'electro house', 'electronic trap']"
GONZO,['melbourne indie']
Marc E. Bassy Featuring G-Eazy,"['pop', 'pop rap', 'r&b']"
Wale Featuring Miguel,"['gangster rap', 'hip hop', 'pop', 'pop rap', 'r&b', 'rap', 'southern hip hop', 'trap', 'urban contemporary']"
Blueface & Rich The Kid,"['cali rap', 'trap']"
Should,"['dream pop', 'indie dream pop', 'indie shoegaze', 'lo-fi indie', 'nu gaze', 'shoegaze']"
DJ Nate,[]
Charles Lloyd,"['avant-garde jazz', 'contemporary jazz', 'contemporary post-bop', 'free jazz', 'italian jazz', 'jazz', 'jazz fusion', 'jazz quartet', 'jazz saxophone', 'swedish jazz']"
Miley Cyrus,"['dance pop', 'pop', 'post-teen pop']"
Justin Timberlake Featuring JAY Z,"['dance pop', 'pop']"
David Guetta Featuring Flo Rida & Nicki Minaj,"['big room', 'dance pop', 'edm', 'pop', 'pop dance', 'pop rap']"
ConsciousThoughts,['future funk']
David Guetta Featuring Taio Cruz & Ludacris,"['big room', 'dance pop', 'edm', 'pop', 'pop dance', 'pop rap']"
Left Boy,"['austrian pop', 'pop rap']"
Ace Hood,"['dirty south rap', 'gangster rap', 'hip hop', 'miami hip hop', 'pop rap', 'rap', 'southern hip hop', 'trap']"
Famous Dex Featuring A$AP Rocky,"['chicago rap', 'drill', 'rap', 'southern hip hop', 'trap', 'underground hip hop', 'vapor trap']"
Miranda Lambert,"['contemporary country', 'country', 'country dawn', 'country road']"
Angus Black,"['finnish doom metal', 'finnish psychedelic rock']"
Nicki Minaj Featuring Drake,"['dance pop', 'hip pop', 'pop', 'pop rap', 'queens hip hop']"
New Boyz Featuring Iyaz,"['dance pop', 'pop rap', 'southern hip hop']"
Saweetie,"['cali rap', 'dance pop', 'pop', 'pop rap', 'r&b', 'trap queen']"
Major Lazer & DJ Snake Featuring MO,"['dance pop', 'edm', 'electro house', 'moombahton', 'pop', 'pop dance', 'pop rap', 'tropical house']"
Grouper,"['ambient', 'ambient pop', 'art pop', 'dream pop', 'drone', 'electra', 'experimental ambient', 'experimental pop', 'modern dream pop']"
Mary J. Blige,"['dance pop', 'hip pop', 'neo soul', 'r&b', 'urban contemporary']"
Elle King,['modern blues rock']
Jessie Ware,"['art pop', 'british soul', 'dance pop', 'electropop', 'neo soul', 'pop', 'pop soul', 'tropical house', 'uk pop']"
The Weeknd & Kendrick Lamar,"['canadian contemporary r&b', 'canadian pop', 'pop']"
Juicy J Featuring Lil Wayne & 2 Chainz,"['crunk', 'dirty south rap', 'gangster rap', 'hip hop', 'memphis hip hop', 'pop rap', 'rap', 'southern hip hop', 'trap']"
Sandy Rivera,"['classic house', 'deep house', 'disco house', 'funky house', 'house', 'soulful house', 'tribal house', 'vocal house']"
Jacob Sartorius,"['social media pop', 'teen pop']"
The Books,"['art pop', 'collage pop', 'folktronica', 'indie rock']"
Attila Fias,"['christmas instrumental', 'classify']"
Oppenheimer Analysis,"['grave wave', 'minimal wave']"
Bag Raiders,"['alternative dance', 'australian dance', 'filter house', 'indietronica', 'new rave', 'nu disco']"
Lock Up,"['birmingham metal', 'british grindcore', 'brutal death metal', 'death metal', 'deathgrind', 'goregrind', 'grindcore']"
Nguyên Lê,['french jazz']
Bobby Hutcherson,"['avant-garde jazz', 'contemporary post-bop', 'free jazz', 'hard bop', 'jazz', 'jazz funk', 'jazz fusion', 'jazz vibraphone', 'mallet']"
Fifth Harmony Featuring Ty Dolla $ign,"['dance pop', 'girl group', 'pop', 'post-teen pop', 'talent show']"
Maroon 5 Featuring SZA,"['pop', 'pop rock']"
Flo Rida Featuring Robin Thicke & Verdine White,"['dance pop', 'miami hip hop', 'pop', 'pop rap']"
Thom Yorke,"['art pop', 'electronica', 'glitch pop', 'indie rock', 'oxford indie']"
Big & Rich,"['contemporary country', 'country', 'country road', 'modern country rock']"
COOLRUNNINGS,"['indie dream pop', 'shimmer psych']"
Moksi,"['bass house', 'dutch edm', 'edm', 'electro house', 'electronic trap']"
Craig Morgan,"['contemporary country', 'country', 'country road', 'modern country rock', 'redneck']"
SadDoLLs,"['greek metal', 'heavy gothic rock']"
Tim McGraw With Catherine Dunn,"['contemporary country', 'country', 'country road']"
Powerslut,['boston indie']
Maribou State,"['electronica', 'future garage', 'indie soul']"
Chris Brown Featuring Aaliyah,"['dance pop', 'pop', 'pop rap', 'r&b', 'rap']"
Paramore,"['candy pop', 'pixie', 'pop emo', 'pop punk']"
Megan Thee Stallion,"['dance pop', 'houston rap', 'pop', 'trap queen']"
21 Savage & Metro Boomin Featuring Future,"['atl hip hop', 'hip hop', 'rap', 'trap']"
"DJ Khaled Featuring Nicki Minaj, Chris Brown, August Alsina, Jeremih, Future & Rick Ross","['dance pop', 'dirty south rap', 'hip hop', 'miami hip hop', 'pop', 'pop rap', 'rap', 'southern hip hop', 'trap']"
John Legend Featuring Ludacris,"['neo soul', 'pop', 'pop soul', 'r&b', 'urban contemporary']"
NF,"['hip hop', 'pop rap', 'rap']"
Sepultura,"['alternative metal', 'brazilian groove metal', 'brazilian metal', 'brazilian thrash metal', 'death metal', 'deathrash', 'groove metal', 'hard rock', 'latin metal', 'metal', 'metal mineiro', 'nu metal', 'old school thrash', 'rock', 'thrash metal']"
Breathe Carolina,"['electropowerpop', 'neon pop punk', 'pop emo', 'pop punk', 'screamo', 'trancecore']"
fantompower,"['chillhop', 'lo-fi beats']"
Yo Gotti Featuring Lil Baby,"['dirty south rap', 'gangster rap', 'hip hop', 'memphis hip hop', 'pop rap', 'rap', 'southern hip hop', 'tennessee hip hop', 'trap']"
Vantage,['future funk']
Gucci Mane Featuring Usher,"['atl hip hop', 'dirty south rap', 'gangster rap', 'hip hop', 'pop rap', 'rap', 'southern hip hop', 'trap']"
"Major Lazer Featuring Bruno Mars, Tyga & Mystic","['dance pop', 'edm', 'electro house', 'moombahton', 'pop', 'pop dance', 'pop rap', 'tropical house']"
matchbox twenty,"['neo mellow', 'pop rock', 'post-grunge']"
Lupe Fiasco Featuring Ed Sheeran,"['chicago rap', 'conscious hip hop', 'gangster rap', 'hip hop', 'political hip hop', 'pop rap', 'rap', 'southern hip hop']"
Sid Sriram,['filmi']
Battlerage,"['chilean metal', 'neo-trad metal', 'nwothm']"
Lil Baby Featuring Gunna & Lil Uzi Vert,"['atl hip hop', 'atl trap', 'rap', 'trap']"
Kerion,['french metal']
Ed Sheeran & Travis Scott,"['pop', 'uk pop']"
Bill Evans,"['bebop', 'cool jazz', 'jazz', 'jazz piano']"
Future Featuring Travis Scott,"['atl hip hop', 'rap', 'southern hip hop', 'trap']"
Dan + Shay,"['contemporary country', 'country', 'pop']"
Ariana Grande Featuring Mac Miller,"['dance pop', 'pop']"
Olly Murs Featuring Flo Rida,"['dance pop', 'neo mellow', 'pop', 'pop dance', 'pop rock', 'post-teen pop', 'talent show', 'tropical house', 'uk pop']"
Banda El Recodo,"['banda', 'musica mexicana', 'ranchera']"
Brad Paisley Duet With Carrie Underwood,"['contemporary country', 'country', 'country road']"
MC Kekel,"['funk carioca', 'funk consciente', 'funk ostentacao', 'funk paulista']"
Movements,"['alternative emo', 'anthem emo', 'dreamo', 'emo', 'midwest emo', 'pop punk', 'socal pop punk']"
LEISURE,"['auckland indie', 'indie soul', 'vapor soul']"
Knowmadic,"['chillhop', 'lo-fi beats']"
Avicii Featuring Aloe Blacc,"['dance pop', 'edm', 'pop', 'pop dance']"
Lil Baby & Gunna,"['atl hip hop', 'atl trap', 'rap', 'trap']"
The London Suede,"['britpop', 'glam rock']"
Bill Monroe,"['appalachian folk', 'bluegrass', 'bluegrass gospel', 'country gospel', 'old-time', 'progressive bluegrass', 'traditional country', 'traditional folk']"
The Once,"['canadian folk', 'newfoundland indie', 'nl folk']"
A$AP Rocky Featuring Moby,"['east coast hip hop', 'hip hop', 'rap', 'trap']"
Zlatan,"['afropop', 'nigerian pop']"
R. Stevie Moore,"['experimental', 'experimental rock', 'lo-fi', 'outsider', 'tennessee experimental']"
Daughtry,"['alternative metal', 'neo mellow', 'nu metal', 'pop rock', 'post-grunge']"
Martyn,"['classic dubstep', 'float house', 'future garage', 'uk bass', 'wonky']"
The Music Tapes,"['elephant 6', 'experimental pop', 'laboratorio', 'lo-fi']"
Chris Brown Featuring Drake,"['dance pop', 'pop', 'pop rap', 'r&b', 'rap']"
Natalie La Rose Featuring Jeremih,[]
Chris Lorenzo,"['bass house', 'deep groove house', 'electro house', 'house']"
YG Featuring Jeezy & Rich Homie Quan,"['cali rap', 'gangster rap', 'hip hop', 'pop rap', 'rap', 'southern hip hop', 'trap']"
Jay Z Kanye West,"['east coast hip hop', 'hip hop', 'rap']"
Grupo Jalado,"['cumbia sonidera', 'tropical']"
Alicia Keys,"['hip pop', 'neo soul', 'pop', 'r&b', 'urban contemporary']"
Anti-System,"['anarcho-punk', 'crust punk', 'uk82']"
Gouryella,"['bubble trance', 'dutch trance', 'trance', 'uplifting trance']"
Sachin-Jigar,"['desi pop', 'filmi', 'gujarati pop', 'modern bollywood']"
Becky G + Natti Natasha,"['dance pop', 'latin', 'latin viral pop', 'pop', 'rap latina', 'reggaeton']"
Cheat Codes Featuring Demi Lovato,"['dance pop', 'edm', 'electro house', 'electropop', 'pop', 'pop dance', 'tropical house']"
lovelytheband,"['indie poptimism', 'modern alternative rock', 'modern rock', 'pop rock', 'rock']"
Apoptygma Berzerk,"['aggrotech', 'dark wave', 'ebm', 'electro-industrial', 'futurepop', 'industrial metal']"
Joe Pass,"['bebop', 'jazz', 'jazz fusion', 'jazz guitar']"
Harris Cole,"['chillhop', 'lo-fi beats']"
Bane,"['boston hardcore', 'hardcore', 'melodic hardcore', 'pennsylvania hardcore', 'straight edge']"
Mount Kimbie,"['chillwave', 'electra', 'electronica', 'future garage', 'indie soul', 'microhouse', 'uk bass', 'wonky']"
"Macklemore & Ryan Lewis Featuring Eric Nally, Melle Mel, Kool Moe Dee & Grandmaster Caz","['dance pop', 'pop', 'pop rap', 'seattle hip hop']"
Endymion,"['gabba', 'happy hardcore', 'hardcore techno', 'rawstyle', 'uptempo hardcore']"
Not Half Bad,"['acoustic punk', 'folk punk']"
Michel LeBond,"['atmosphere', 'background music', 'focus']"
ScHoolboy Q Featuring BJ The Chicago Kid,"['gangster rap', 'hip hop', 'pop rap', 'rap', 'southern hip hop', 'trap', 'underground hip hop']"
Jamie Foxx Featuring Drake,"['contemporary r&b', 'hip hop', 'hip pop', 'neo soul', 'pop rap', 'r&b', 'southern hip hop', 'urban contemporary']"
Robert Cray,"['acoustic blues', 'blues', 'blues rock', 'electric blues', 'modern blues', 'soul blues', 'traditional blues']"
Migos Featuring Post Malone,"['atl hip hop', 'hip hop', 'pop rap', 'rap', 'trap']"
Mustard & Migos,"['cali rap', 'hip hop', 'pop rap', 'rap', 'southern hip hop', 'trap']"
Selena Gomez Featuring A$AP Rocky,"['dance pop', 'pop', 'post-teen pop']"
Everydayz,['abstract beats']
The Lacs,"['country rap', 'redneck']"
The Modern Age Slavery,"['brutal deathcore', 'deathcore', 'italian death metal']"
"Jay Rock, Kendrick Lamar, Future & James Blake","['conscious hip hop', 'gangster rap', 'hip hop', 'pop rap', 'rap', 'southern hip hop', 'trap', 'underground hip hop']"
Emblem3,"['post-teen pop', 'talent show', 'teen pop']"
Brittany Howard,"['black americana', 'modern blues rock', 'neo soul']"
Flake Music,[]
Hey Violet,"['alt z', 'electropop', 'indie poptimism', 'pixie', 'pop', 'post-teen pop', 'social media pop']"
GoldLink Featuring Brent Faiyaz & Shy Glizzy,"['alternative r&b', 'dmv rap', 'hip hop', 'indie soul', 'pop', 'r&b', 'rap', 'underground hip hop']"
Louis Tomlinson Featuring Bebe Rexha & Digital Farm Animals,"['pop', 'post-teen pop']"
Steel Magnolia,['country dawn']
Bali Bandits,"['dutch edm', 'electro house', 'future house', 'sky room']"
Lantlôs,"['atmospheric black metal', 'blackgaze', 'doomgaze', 'german black metal', 'post-metal']"
Trippie Redd,"['melodic rap', 'rap', 'trap']"
Cameron DeLuca,['atmosphere']
Trio Elf,"['dark jazz', 'modern jazz trio']"
Trippie Redd Featuring Juice WRLD,"['melodic rap', 'rap', 'trap']"
Brownout,"['bboy', 'instrumental funk', 'latin afrobeat']"
Datsik,"['breakbeat', 'brostep', 'canadian electronic', 'edm', 'electro house', 'electronic trap', 'filthstep']"
Weezer,"['alternative rock', 'modern power pop', 'modern rock', 'permanent wave', 'rock']"
Ahmad Jamal Trio,"['bebop', 'jazz', 'jazz trio', 'stride']"
Pia Mia Featuring Chris Brown & Tyga,"['dance pop', 'pop', 'pop r&b', 'post-teen pop', 'r&b', 'social media pop', 'urban contemporary']"
Love Sees No Color,['frankfurt indie']
Havana Brown Featuring Pitbull,"['australian dance', 'australian pop', 'australian talent show']"
DJ Khaled Featuring Kanye West & Rick Ross,"['dance pop', 'dirty south rap', 'hip hop', 'miami hip hop', 'pop', 'pop rap', 'rap', 'southern hip hop', 'trap']"
Ozuna & Romeo Santos,"['latin', 'puerto rican pop', 'reggaeton', 'trap latino']"
Joe Bonamassa,"['blues rock', 'electric blues', 'modern blues', 'modern blues rock']"
Beyonce Featuring Lady Gaga,"['dance pop', 'pop', 'r&b']"
Leather Chalice,['blackened crust']
Kurt Elling,"['adult standards', 'contemporary vocal jazz', 'jazz', 'vocal jazz']"
Blasfemia,['chilean black metal']
The Moonlandingz,['chamber psych']
Swing Republic,"['electro swing', 'nu jazz']"
Logic,"['conscious hip hop', 'dmv rap', 'hip hop', 'pop rap', 'rap']"
RŮDE,"['japanese chillhop', 'rochester mn indie']"
Freddie Hubbard,"['bebop', 'big band', 'contemporary jazz', 'contemporary post-bop', 'free jazz', 'hard bop', 'jazz', 'jazz funk', 'jazz fusion', 'jazz trumpet', 'soul jazz']"
Tamar Braxton,"['contemporary r&b', 'dance pop', 'hip pop', 'neo soul', 'pop r&b', 'r&b', 'urban contemporary']"
Michalis Koumbios,['bouzouki']
Offset,"['atl hip hop', 'hip hop', 'pop rap', 'rap', 'southern hip hop', 'trap']"
David Rovics,['folk punk']
Van William,"['alternative americana', 'folk-pop']"
Marshmello Featuring Khalid,"['brostep', 'dance pop', 'edm', 'pop', 'pop dance', 'progressive electro house']"
Marshmello & Anne-Marie,"['brostep', 'dance pop', 'edm', 'pop', 'pop dance', 'progressive electro house']"
Underoath,"['christian metal', 'christian metalcore', 'melodic metalcore', 'metalcore', 'pop punk', 'post-hardcore', 'screamo', 'tampa indie']"
Kreator,"['death metal', 'german metal', 'german thrash metal', 'hard rock', 'melodic thrash', 'metal', 'old school thrash', 'power metal', 'speed metal', 'thrash metal']"
Harold Burrage,['chicago soul']
"Yella Beezy, Gucci Mane & Quavo","['dfw rap', 'houston rap', 'pop rap', 'rap', 'southern hip hop', 'trap']"
Loren Allred,"['deep talent show', 'hollywood', 'movie tunes']"
Sons of Freedom,['canadian indie']
"Chris Brown Featuring Yo Gotti, A Boogie Wit da Hoodie & Kodak Black","['dance pop', 'pop', 'pop rap', 'r&b', 'rap']"
Casey James,"['idol', 'modern country rock']"
Bad Bunny & Tainy,"['latin', 'reggaeton', 'trap latino']"
Dennis Ferrer,"['classic house', 'deep house', 'disco house', 'house', 'soulful house', 'tribal house', 'uk funky', 'vocal house']"
C Bank feat. Diamond Eyes,"['deep freestyle', 'freestyle']"
Big D and the Kids Table,"['modern ska punk', 'punk', 'ska', 'ska punk']"
Wiz Khalifa Featuring Charlie Puth,"['dance pop', 'hip hop', 'pittsburgh rap', 'pop rap', 'rap', 'southern hip hop', 'trap']"
Fit For An Autopsy,"['brutal deathcore', 'deathcore', 'melodic metalcore', 'metalcore']"
BTS Featuring Halsey,"['k-pop', 'k-pop boy group']"
Mayday Parade,"['neon pop punk', 'pop emo', 'pop punk', 'rock']"
Alexandre Navarro,['abstract']
ODESZA,"['chillwave', 'ninja']"
Jay Z Kanye West Featuring Otis Redding,"['east coast hip hop', 'hip hop', 'rap']"
Wayne Shorter,"['contemporary jazz', 'contemporary post-bop', 'free jazz', 'hard bop', 'jazz', 'jazz fusion', 'jazz saxophone']"
Sharry Mann,"['desi pop', 'punjabi pop']"
Def Cut,[]
Death,"['alternative metal', 'death metal', 'dissonant death metal', 'florida death metal', 'metal', 'rock', 'technical death metal']"
Jawad Ahmad,"['classic pakistani pop', 'pakistani pop']"
Sodré,['funk carioca']